expr,time,Filename,Version
A1e5_N_1,1408905,timings/if_else/1.R,1.2.0
A1e5_N_N,1181517,timings/if_else/1.R,1.2.0
A1e5_N_1,1266147,timings/if_else/1.R,1.2.0
A1e5_1_1,618014,timings/if_else/1.R,1.2.0
A1e5_N_1,1152603,timings/if_else/1.R,1.2.0
A1e5_N_1,1127605,timings/if_else/1.R,1.2.0
A1e5_N_N,1094175,timings/if_else/1.R,1.2.0
A1e5_1_1,613497,timings/if_else/1.R,1.2.0
A1e5_1_N,572236,timings/if_else/1.R,1.2.0
A1e5_N_N,1096284,timings/if_else/1.R,1.2.0
A1e5_N_1,1118570,timings/if_else/1.R,1.2.0
A1e5_N_1,1111944,timings/if_else/1.R,1.2.0
A1e5_N_1,1130919,timings/if_else/1.R,1.2.0
A1e5_N_N,1120980,timings/if_else/1.R,1.2.0
A1e5_1_1,642109,timings/if_else/1.R,1.2.0
A1e5_1_N,626749,timings/if_else/1.R,1.2.0
A1e5_N_1,1114052,timings/if_else/1.R,1.2.0
A1e5_N_N,1176396,timings/if_else/1.R,1.2.0
A1e5_1_N,711680,timings/if_else/1.R,1.2.0
A1e5_1_1,906241,timings/if_else/1.R,1.2.0
A1e5_N_N,1807964,timings/if_else/1.R,1.2.0
A1e5_1_1,854739,timings/if_else/1.R,1.2.0
A1e5_N_N,1785978,timings/if_else/1.R,1.2.0
A1e5_1_N,1044180,timings/if_else/1.R,1.2.0
A1e5_1_1,887568,timings/if_else/1.R,1.2.0
A1e5_1_1,847812,timings/if_else/1.R,1.2.0
A1e5_1_1,849921,timings/if_else/1.R,1.2.0
A1e5_N_N,1812482,timings/if_else/1.R,1.2.0
A1e5_N_N,1765799,timings/if_else/1.R,1.2.0
A1e5_N_1,1655869,timings/if_else/1.R,1.2.0
A1e5_1_N,1120678,timings/if_else/1.R,1.2.0
A1e5_N_1,1684180,timings/if_else/1.R,1.2.0
A1e5_N_N,1910062,timings/if_else/1.R,1.2.0
A1e5_N_N,1946204,timings/if_else/1.R,1.2.0
A1e5_N_N,1851936,timings/if_else/1.R,1.2.0
A1e5_1_1,899314,timings/if_else/1.R,1.2.0
A1e5_1_1,875521,timings/if_else/1.R,1.2.0
A1e5_1_1,885460,timings/if_else/1.R,1.2.0
A1e5_N_1,1726646,timings/if_else/1.R,1.2.0
A1e5_N_N,1848924,timings/if_else/1.R,1.2.0
A1e5_N_N,1868199,timings/if_else/1.R,1.2.0
A1e5_N_N,1820914,timings/if_else/1.R,1.2.0
A1e5_N_1,1650749,timings/if_else/1.R,1.2.0
A1e5_1_1,864678,timings/if_else/1.R,1.2.0
A1e5_N_1,1666109,timings/if_else/1.R,1.2.0
A1e5_N_1,1883258,timings/if_else/1.R,1.2.0
A1e5_1_1,943285,timings/if_else/1.R,1.2.0
A1e5_N_N,1915183,timings/if_else/1.R,1.2.0
A1e5_1_1,919794,timings/if_else/1.R,1.2.0
A1e5_1_1,946298,timings/if_else/1.R,1.2.0
A1e5_1_N,1099898,timings/if_else/1.R,1.2.0
A1e5_1_1,925215,timings/if_else/1.R,1.2.0
A1e5_1_N,1080924,timings/if_else/1.R,1.2.0
A1e5_N_N,1916387,timings/if_else/1.R,1.2.0
A1e5_1_1,929130,timings/if_else/1.R,1.2.0
A1e5_N_1,1908858,timings/if_else/1.R,1.2.0
A1e5_1_1,942383,timings/if_else/1.R,1.2.0
A1e5_1_1,924914,timings/if_else/1.R,1.2.0
A1e5_N_N,2032040,timings/if_else/1.R,1.2.0
A1e5_1_N,1197780,timings/if_else/1.R,1.2.0
A1e5_N_N,1979334,timings/if_else/1.R,1.2.0
A1e5_N_N,1973611,timings/if_else/1.R,1.2.0
A1e5_1_N,1117667,timings/if_else/1.R,1.2.0
A1e5_1_N,1108029,timings/if_else/1.R,1.2.0
A1e5_1_N,1125799,timings/if_else/1.R,1.2.0
A1e5_N_N,1942289,timings/if_else/1.R,1.2.0
A1e5_1_N,1132726,timings/if_else/1.R,1.2.0
A1e5_1_N,1241451,timings/if_else/1.R,1.2.0
A1e5_N_1,1774533,timings/if_else/1.R,1.2.0
A1e5_N_N,1923616,timings/if_else/1.R,1.2.0
A1e5_N_1,1751945,timings/if_else/1.R,1.2.0
A1e5_N_N,1936868,timings/if_else/1.R,1.2.0
A1e5_N_1,1728152,timings/if_else/1.R,1.2.0
A1e5_N_N,1936265,timings/if_else/1.R,1.2.0
A1e5_N_N,1934156,timings/if_else/1.R,1.2.0
A1e5_N_1,1794712,timings/if_else/1.R,1.2.0
A1e5_1_1,1110740,timings/if_else/1.R,1.2.0
A1e5_N_1,1841997,timings/if_else/1.R,1.2.0
A1e5_1_1,974909,timings/if_else/1.R,1.2.0
A1e5_1_N,1170674,timings/if_else/1.R,1.2.0
A1e5_1_N,1154712,timings/if_else/1.R,1.2.0
A1e5_N_N,2059446,timings/if_else/1.R,1.2.0
A1e5_N_N,1994995,timings/if_else/1.R,1.2.0
A1e5_N_N,1988068,timings/if_else/1.R,1.2.0
A1e5_N_1,1793809,timings/if_else/1.R,1.2.0
A1e5_1_N,1126100,timings/if_else/1.R,1.2.0
A1e5_1_N,1141460,timings/if_else/1.R,1.2.0
A1e5_N_1,1925724,timings/if_else/1.R,1.2.0
A1e5_N_N,1999512,timings/if_else/1.R,1.2.0
A1e5_1_1,961055,timings/if_else/1.R,1.2.0
A1e5_1_1,936358,timings/if_else/1.R,1.2.0
A1e5_1_N,1112546,timings/if_else/1.R,1.2.0
A1e5_N_1,1783267,timings/if_else/1.R,1.2.0
A1e5_1_N,1114052,timings/if_else/1.R,1.2.0
A1e5_N_1,1771521,timings/if_else/1.R,1.2.0
A1e5_1_1,954731,timings/if_else/1.R,1.2.0
A1e5_N_1,1783569,timings/if_else/1.R,1.2.0
A1e5_N_N,1957047,timings/if_else/1.R,1.2.0
A1e5_1_1,956236,timings/if_else/1.R,1.2.0
A1e5_1_N,1301987,timings/if_else/1.R,1.2.0
A1e5_1_N,1187239,timings/if_else/1.R,1.2.0
A1e5_1_1,978524,timings/if_else/1.R,1.2.0
A1e5_N_N,2075409,timings/if_else/1.R,1.2.0
A1e5_N_N,2008849,timings/if_else/1.R,1.2.0
A1e5_1_1,973102,timings/if_else/1.R,1.2.0
A1e5_N_1,1832961,timings/if_else/1.R,1.2.0
A1e5_1_N,1270664,timings/if_else/1.R,1.2.0
A1e5_1_1,984547,timings/if_else/1.R,1.2.0
A1e5_N_N,1981140,timings/if_else/1.R,1.2.0
A1e5_1_N,1127907,timings/if_else/1.R,1.2.0
A1e5_1_N,1226392,timings/if_else/1.R,1.2.0
A1e5_N_N,2031437,timings/if_else/1.R,1.2.0
A1e5_N_1,1737187,timings/if_else/1.R,1.2.0
A1e5_N_1,1743211,timings/if_else/1.R,1.2.0
A1e5_N_1,1735380,timings/if_else/1.R,1.2.0
A1e5_N_N,1894100,timings/if_else/1.R,1.2.0
A1e5_1_1,960452,timings/if_else/1.R,1.2.0
A1e5_1_N,1111342,timings/if_else/1.R,1.2.0
A1e5_N_N,1889583,timings/if_else/1.R,1.2.0
A1e5_N_N,1930242,timings/if_else/1.R,1.2.0
A1e5_1_N,1131220,timings/if_else/1.R,1.2.0
A1e5_1_1,1057732,timings/if_else/1.R,1.2.0
A1e5_1_N,1199286,timings/if_else/1.R,1.2.0
A1e5_N_N,1979635,timings/if_else/1.R,1.2.0
A1e5_1_N,1161037,timings/if_else/1.R,1.2.0
A1e5_N_N,2004933,timings/if_else/1.R,1.2.0
A1e5_N_1,1798928,timings/if_else/1.R,1.2.0
A1e5_N_N,1941988,timings/if_else/1.R,1.2.0
A1e5_N_N,1962166,timings/if_else/1.R,1.2.0
A1e5_1_N,1130015,timings/if_else/1.R,1.2.0
A1e5_1_1,939069,timings/if_else/1.R,1.2.0
A1e5_N_1,1787785,timings/if_else/1.R,1.2.0
A1e5_N_N,2065470,timings/if_else/1.R,1.2.0
A1e5_1_1,935756,timings/if_else/1.R,1.2.0
A1e5_1_N,1155013,timings/if_else/1.R,1.2.0
A1e5_1_1,935455,timings/if_else/1.R,1.2.0
A1e5_1_N,1123690,timings/if_else/1.R,1.2.0
A1e5_1_N,1144170,timings/if_else/1.R,1.2.0
A1e5_1_N,1115258,timings/if_else/1.R,1.2.0
A1e5_1_N,1136340,timings/if_else/1.R,1.2.0
A1e5_N_N,1968793,timings/if_else/1.R,1.2.0
A1e5_N_1,1777545,timings/if_else/1.R,1.2.0
A1e5_1_1,934852,timings/if_else/1.R,1.2.0
A1e5_1_N,1156518,timings/if_else/1.R,1.2.0
A1e5_1_1,945996,timings/if_else/1.R,1.2.0
A1e5_1_N,1339333,timings/if_else/1.R,1.2.0
A1e5_N_N,1993188,timings/if_else/1.R,1.2.0
A1e5_1_N,1159831,timings/if_else/1.R,1.2.0
A1e5_N_1,1817601,timings/if_else/1.R,1.2.0
A1e5_N_N,1991079,timings/if_else/1.R,1.2.0
A1e5_N_N,1934760,timings/if_else/1.R,1.2.0
A1e5_N_1,1816698,timings/if_else/1.R,1.2.0
A1e5_1_N,1156519,timings/if_else/1.R,1.2.0
A1e5_1_1,976416,timings/if_else/1.R,1.2.0
A1e5_1_1,961055,timings/if_else/1.R,1.2.0
A1e5_1_N,1176698,timings/if_else/1.R,1.2.0
A1e5_1_N,1249884,timings/if_else/1.R,1.2.0
A1e5_1_N,1127606,timings/if_else/1.R,1.2.0
A1e5_N_N,2049508,timings/if_else/1.R,1.2.0
A1e5_1_1,943887,timings/if_else/1.R,1.2.0
A1e5_N_1,1785376,timings/if_else/1.R,1.2.0
A1e5_1_1,966778,timings/if_else/1.R,1.2.0
A1e5_N_1,1749235,timings/if_else/1.R,1.2.0
A1e5_1_1,971897,timings/if_else/1.R,1.2.0
A1e5_1_1,968885,timings/if_else/1.R,1.2.0
A1e5_N_1,1778749,timings/if_else/1.R,1.2.0
A1e5_1_1,972198,timings/if_else/1.R,1.2.0
A1e5_N_1,1810072,timings/if_else/1.R,1.2.0
A1e5_1_N,1158025,timings/if_else/1.R,1.2.0
A1e5_1_N,1318552,timings/if_else/1.R,1.2.0
A1e5_N_1,1929940,timings/if_else/1.R,1.2.0
A1e5_1_1,991473,timings/if_else/1.R,1.2.0
A1e5_1_1,987257,timings/if_else/1.R,1.2.0
A1e5_N_N,2046797,timings/if_else/1.R,1.2.0
A1e5_1_N,1191455,timings/if_else/1.R,1.2.0
A1e5_1_1,983342,timings/if_else/1.R,1.2.0
A1e5_N_N,2018787,timings/if_else/1.R,1.2.0
A1e5_N_N,2023305,timings/if_else/1.R,1.2.0
A1e5_N_N,1990779,timings/if_else/1.R,1.2.0
A1e5_N_N,2180519,timings/if_else/1.R,1.2.0
A1e5_1_N,1151098,timings/if_else/1.R,1.2.0
A1e5_1_N,1148086,timings/if_else/1.R,1.2.0
A1e5_1_1,988161,timings/if_else/1.R,1.2.0
A1e5_N_N,1987164,timings/if_else/1.R,1.2.0
A1e5_N_N,1984152,timings/if_else/1.R,1.2.0
A1e5_N_N,2002524,timings/if_else/1.R,1.2.0
A1e5_N_1,1853441,timings/if_else/1.R,1.2.0
A1e5_N_N,2002825,timings/if_else/1.R,1.2.0
A1e5_1_N,1208623,timings/if_else/1.R,1.2.0
A1e5_1_N,1207116,timings/if_else/1.R,1.2.0
A1e5_N_1,2023305,timings/if_else/1.R,1.2.0
A1e5_1_1,999304,timings/if_else/1.R,1.2.0
A1e5_N_N,2059146,timings/if_else/1.R,1.2.0
A1e5_N_1,1853743,timings/if_else/1.R,1.2.0
A1e5_N_N,2015475,timings/if_else/1.R,1.2.0
A1e5_1_N,1185131,timings/if_else/1.R,1.2.0
A1e5_1_N,1192961,timings/if_else/1.R,1.2.0
A1e5_1_1,976716,timings/if_else/1.R,1.2.0
A1e5_1_N,1230307,timings/if_else/1.R,1.2.0
A1e5_N_1,1830853,timings/if_else/1.R,1.2.0
A1e5_N_1,1945301,timings/if_else/1.R,1.2.0
A1e5_N_1,1867296,timings/if_else/1.R,1.2.0
A1e5_N_1,1820613,timings/if_else/1.R,1.2.0
A1e5_1_N,1174288,timings/if_else/1.R,1.2.0
A1e5_1_1,995690,timings/if_else/1.R,1.2.0
A1e5_N_1,1810073,timings/if_else/1.R,1.2.0
A1e5_1_N,1217356,timings/if_else/1.R,1.2.0
A1e5_1_1,997196,timings/if_else/1.R,1.2.0
A1e5_N_1,1839889,timings/if_else/1.R,1.2.0
A1e5_N_N,2057640,timings/if_else/1.R,1.2.0
A1e5_1_1,977620,timings/if_else/1.R,1.2.0
A1e5_N_1,2009451,timings/if_else/1.R,1.2.0
A1e5_N_1,1856152,timings/if_else/1.R,1.2.0
A1e5_1_N,1227296,timings/if_else/1.R,1.2.0
A1e5_1_N,1215549,timings/if_else/1.R,1.2.0
A1e5_1_N,1249883,timings/if_else/1.R,1.2.0
A1e5_N_1,1895607,timings/if_else/1.R,1.2.0
A1e5_N_1,1882053,timings/if_else/1.R,1.2.0
A1e5_1_1,1000810,timings/if_else/1.R,1.2.0
A1e5_N_1,1914881,timings/if_else/1.R,1.2.0
A1e5_1_1,978824,timings/if_else/1.R,1.2.0
A1e5_N_N,2064566,timings/if_else/1.R,1.2.0
A1e5_1_1,1175191,timings/if_else/1.R,1.2.0
A1e5_1_N,1212537,timings/if_else/1.R,1.2.0
A1e5_N_1,1934157,timings/if_else/1.R,1.2.0
A1e5_1_N,1206213,timings/if_else/1.R,1.2.0
A1e5_1_1,998100,timings/if_else/1.R,1.2.0
A1e5_1_1,995992,timings/if_else/1.R,1.2.0
A1e5_1_N,1182721,timings/if_else/1.R,1.2.0
A1e5_N_N,2130524,timings/if_else/1.R,1.2.0
A1e5_N_1,1875729,timings/if_else/1.R,1.2.0
A1e5_1_N,1205310,timings/if_else/1.R,1.2.0
A1e5_N_N,2045291,timings/if_else/1.R,1.2.0
A1e5_1_1,1014966,timings/if_else/1.R,1.2.0
A1e5_1_N,1336322,timings/if_else/1.R,1.2.0
A1e5_1_1,1003822,timings/if_else/1.R,1.2.0
A1e5_1_1,993280,timings/if_else/1.R,1.2.0
A1e5_1_N,1176999,timings/if_else/1.R,1.2.0
A1e5_N_1,1876632,timings/if_else/1.R,1.2.0
A1e5_1_1,1007436,timings/if_else/1.R,1.2.0
A1e5_1_N,1192359,timings/if_else/1.R,1.2.0
A1e5_1_1,995088,timings/if_else/1.R,1.2.0
A1e5_N_1,1918194,timings/if_else/1.R,1.2.0
A1e5_1_1,1022194,timings/if_else/1.R,1.2.0
A1e5_N_1,1890486,timings/if_else/1.R,1.2.0
A1e5_N_N,2100105,timings/if_else/1.R,1.2.0
A1e5_N_N,2255212,timings/if_else/1.R,1.2.0
A1e5_1_1,1040566,timings/if_else/1.R,1.2.0
A1e5_1_N,1215549,timings/if_else/1.R,1.2.0
A1e5_1_N,1257413,timings/if_else/1.R,1.2.0
A1e5_1_N,1196575,timings/if_else/1.R,1.2.0
A1e5_N_1,1911267,timings/if_else/1.R,1.2.0
A1e5_1_1,1020688,timings/if_else/1.R,1.2.0
A1e5_N_1,1894401,timings/if_else/1.R,1.2.0
A1e5_N_N,2103117,timings/if_else/1.R,1.2.0
A1e5_N_1,1910364,timings/if_else/1.R,1.2.0
A1e5_N_1,2036256,timings/if_else/1.R,1.2.0
A1e5_1_N,1207418,timings/if_else/1.R,1.2.0
A1e5_N_1,1925122,timings/if_else/1.R,1.2.0
A1e5_1_N,1187238,timings/if_else/1.R,1.2.0
A1e5_N_1,1911568,timings/if_else/1.R,1.2.0
A1e5_1_N,1224283,timings/if_else/1.R,1.2.0
A1e5_1_N,1215850,timings/if_else/1.R,1.2.0
A1e5_1_N,1204406,timings/if_else/1.R,1.2.0
A1e5_N_1,1929639,timings/if_else/1.R,1.2.0
A1e5_N_N,2097696,timings/if_else/1.R,1.2.0
A1e5_1_1,1010448,timings/if_else/1.R,1.2.0
A1e5_1_N,1331803,timings/if_else/1.R,1.2.0
A1e5_1_N,1253497,timings/if_else/1.R,1.2.0
A1e5_1_1,1039361,timings/if_else/1.R,1.2.0
A1e5_1_1,1036951,timings/if_else/1.R,1.2.0
A1e5_N_1,1915183,timings/if_else/1.R,1.2.0
A1e5_1_N,1240246,timings/if_else/1.R,1.2.0
A1e5_N_1,1916087,timings/if_else/1.R,1.2.0
A1e5_1_1,1031229,timings/if_else/1.R,1.2.0
A1e5_1_1,1043577,timings/if_else/1.R,1.2.0
A1e5_1_1,1042372,timings/if_else/1.R,1.2.0
A1e5_1_1,1015267,timings/if_else/1.R,1.2.0
A1e5_N_1,1937771,timings/if_else/1.R,1.2.0
A1e5_N_1,1969394,timings/if_else/1.R,1.2.0
A1e5_N_N,2253103,timings/if_else/1.R,1.2.0
A1e5_N_1,1934760,timings/if_else/1.R,1.2.0
A1e5_N_N,2106430,timings/if_else/1.R,1.2.0
A1e5_1_1,1036951,timings/if_else/1.R,1.2.0
A1e5_1_1,1036650,timings/if_else/1.R,1.2.0
A1e5_1_1,1018881,timings/if_else/1.R,1.2.0
A1e5_N_N,2142571,timings/if_else/1.R,1.2.0
A1e5_N_1,1936567,timings/if_else/1.R,1.2.0
A1e5_N_1,1963070,timings/if_else/1.R,1.2.0
A1e5_1_N,1233018,timings/if_else/1.R,1.2.0
A1e5_1_1,1212237,timings/if_else/1.R,1.2.0
A1e5_N_1,2004030,timings/if_else/1.R,1.2.0
A1e5_N_N,2133235,timings/if_else/1.R,1.2.0
A1e5_N_1,1938374,timings/if_else/1.R,1.2.0
A1e5_1_1,1017977,timings/if_else/1.R,1.2.0
A1e5_1_N,1238137,timings/if_else/1.R,1.2.0
A1e5_N_N,2163954,timings/if_else/1.R,1.2.0
A1e5_N_1,2009451,timings/if_else/1.R,1.2.0
A1e5_N_1,2014873,timings/if_else/1.R,1.2.0
A1e5_N_N,2311531,timings/if_else/1.R,1.2.0
A1e5_N_N,2153715,timings/if_else/1.R,1.2.0
A1e5_1_1,1073093,timings/if_else/1.R,1.2.0
A1e5_N_N,2145281,timings/if_else/1.R,1.2.0
A1e5_N_N,2124501,timings/if_else/1.R,1.2.0
A1e5_1_N,1240848,timings/if_else/1.R,1.2.0
A1e5_1_N,1256209,timings/if_else/1.R,1.2.0
A1e5_1_N,1244462,timings/if_else/1.R,1.2.0
A1e5_1_1,1065563,timings/if_else/1.R,1.2.0
A1e5_N_N,2137150,timings/if_else/1.R,1.2.0
A1e5_N_N,2493743,timings/if_else/1.R,1.2.0
A1e5_1_N,1325479,timings/if_else/1.R,1.2.0
A1e5_N_N,2161545,timings/if_else/1.R,1.2.0
A1e5_1_N,1229404,timings/if_else/1.R,1.2.0
A1e5_1_1,1054420,timings/if_else/1.R,1.2.0
A1e5_1_1,1037253,timings/if_else/1.R,1.2.0
A1e5_1_1,1032433,timings/if_else/1.R,1.2.0
A1e5_1_N,1251690,timings/if_else/1.R,1.2.0
A1e5_1_N,1273676,timings/if_else/1.R,1.2.0
A1e5_1_1,1052011,timings/if_else/1.R,1.2.0
A1e5_N_N,2167268,timings/if_else/1.R,1.2.0
A1e5_1_N,1246571,timings/if_else/1.R,1.2.0
A1e5_N_1,2031437,timings/if_else/1.R,1.2.0
A1e5_N_1,2003728,timings/if_else/1.R,1.2.0
A1e5_1_1,1040867,timings/if_else/1.R,1.2.0
A1e5_1_1,1055323,timings/if_else/1.R,1.2.0
A1e5_N_N,2208528,timings/if_else/1.R,1.2.0
A1e5_1_N,1246872,timings/if_else/1.R,1.2.0
A1e5_1_N,1231211,timings/if_else/1.R,1.2.0
A1e5_1_1,1060745,timings/if_else/1.R,1.2.0
A1e5_N_N,2210637,timings/if_else/1.R,1.2.0
A1e5_N_1,1982044,timings/if_else/1.R,1.2.0
A1e5_N_N,2209131,timings/if_else/1.R,1.2.0
A1e5_1_1,1068575,timings/if_else/1.R,1.2.0
A1e5_N_N,2179918,timings/if_else/1.R,1.2.0
A1e5_1_N,1251690,timings/if_else/1.R,1.2.0
A1e5_N_1,2035352,timings/if_else/1.R,1.2.0
A1e5_1_1,1063757,timings/if_else/1.R,1.2.0
A1e5_N_1,2002223,timings/if_else/1.R,1.2.0
A1e5_N_N,2206722,timings/if_else/1.R,1.2.0
A1e5_N_N,2242863,timings/if_else/1.R,1.2.0
A1e5_1_1,1086344,timings/if_else/1.R,1.2.0
A1e5_N_N,2237442,timings/if_else/1.R,1.2.0
A1e5_N_1,2026317,timings/if_else/1.R,1.2.0
A1e5_N_N,2289545,timings/if_else/1.R,1.2.0
A1e5_N_1,2116971,timings/if_else/1.R,1.2.0
A1e5_N_1,2080830,timings/if_else/1.R,1.2.0
A1e5_1_N,1319455,timings/if_else/1.R,1.2.0
A1e5_1_1,1079417,timings/if_else/1.R,1.2.0
A1e5_N_N,2293761,timings/if_else/1.R,1.2.0
A1e5_1_N,1319154,timings/if_else/1.R,1.2.0
A1e5_1_1,1090561,timings/if_else/1.R,1.2.0
A1e5_1_1,1098090,timings/if_else/1.R,1.2.0
A1e5_N_1,2136247,timings/if_else/1.R,1.2.0
A1e5_N_N,2247080,timings/if_else/1.R,1.2.0
A1e5_N_N,2263945,timings/if_else/1.R,1.2.0
A1e5_1_N,1290242,timings/if_else/1.R,1.2.0
A1e5_N_1,2082938,timings/if_else/1.R,1.2.0
A1e5_N_N,2276594,timings/if_else/1.R,1.2.0
A1e5_N_N,2316651,timings/if_else/1.R,1.2.0
A1e5_N_1,2066072,timings/if_else/1.R,1.2.0
A1e5_N_N,2312435,timings/if_else/1.R,1.2.0
A1e5_N_1,2104322,timings/if_else/1.R,1.2.0
A1e5_1_N,1316745,timings/if_else/1.R,1.2.0
A1e5_N_1,2085348,timings/if_else/1.R,1.2.0
A1e5_1_1,1106223,timings/if_else/1.R,1.2.0
A1e5_N_1,2101009,timings/if_else/1.R,1.2.0
A1e5_N_1,2092877,timings/if_else/1.R,1.2.0
A1e5_N_N,2339541,timings/if_else/1.R,1.2.0
A1e5_N_1,2118778,timings/if_else/1.R,1.2.0
A1e5_1_1,1105319,timings/if_else/1.R,1.2.0
A1e5_N_1,2122091,timings/if_else/1.R,1.2.0
A1e5_N_1,2113659,timings/if_else/1.R,1.2.0
A1e5_N_N,2334421,timings/if_else/1.R,1.2.0
A1e5_N_N,2316049,timings/if_else/1.R,1.2.0
A1e5_1_N,1281808,timings/if_else/1.R,1.2.0
A1e5_1_1,1171878,timings/if_else/1.R,1.2.0
A1e5_1_1,1123691,timings/if_else/1.R,1.2.0
A1e5_1_N,1335719,timings/if_else/1.R,1.2.0
A1e5_1_N,1283616,timings/if_else/1.R,1.2.0
A1e5_N_1,2118176,timings/if_else/1.R,1.2.0
A1e5_1_N,1286627,timings/if_else/1.R,1.2.0
A1e5_N_N,2313038,timings/if_else/1.R,1.2.0
A1e5_1_1,1123088,timings/if_else/1.R,1.2.0
A1e5_N_1,2129922,timings/if_else/1.R,1.2.0
A1e5_N_1,2131729,timings/if_else/1.R,1.2.0
A1e5_1_1,1137243,timings/if_else/1.R,1.2.0
A1e5_1_N,1316444,timings/if_else/1.R,1.2.0
A1e5_N_1,2123296,timings/if_else/1.R,1.2.0
A1e5_N_1,2123898,timings/if_else/1.R,1.2.0
A1e5_1_N,1308613,timings/if_else/1.R,1.2.0
A1e5_1_N,1342947,timings/if_else/1.R,1.2.0
A1e5_1_N,1336622,timings/if_else/1.R,1.2.0
A1e5_N_N,2373272,timings/if_else/1.R,1.2.0
A1e5_1_N,1364933,timings/if_else/1.R,1.2.0
A1e5_1_1,1111342,timings/if_else/1.R,1.2.0
A1e5_1_1,1142363,timings/if_else/1.R,1.2.0
A1e5_N_N,2333818,timings/if_else/1.R,1.2.0
A1e5_N_N,2314845,timings/if_else/1.R,1.2.0
A1e5_1_1,1139352,timings/if_else/1.R,1.2.0
A1e5_N_1,2135945,timings/if_else/1.R,1.2.0
A1e8_Z_1,1402381705,timings/if_else/1.R,1.2.0
B1e8_1_N,88170877720,timings/if_else/1.R,1.2.0
B1e8_1_N,1268334282,timings/if_else/1.R,1.2.0
B1e8_1_1,1907850171,timings/if_else/1.R,1.2.0
B1e8_N_N,90139010213,timings/if_else/1.R,1.2.0
B1e8_N_1,1932590030,timings/if_else/1.R,1.2.0
B1e8_1_1,2106767441,timings/if_else/1.R,1.2.0
A1e8_Z_Z,1949876668,timings/if_else/1.R,1.2.0
B1e8_N_N,2578814930,timings/if_else/1.R,1.2.0
B1e8_N_1,2382490791,timings/if_else/1.R,1.2.0
A1e8_Z_Z,2056410697,timings/if_else/1.R,1.2.0
B1e8_N_1,1943417632,timings/if_else/1.R,1.2.0
B1e8_1_1,2073513016,timings/if_else/1.R,1.2.0
B1e8_N_N,2219365963,timings/if_else/1.R,1.2.0
A1e8_Z_Z,2484514398,timings/if_else/1.R,1.2.0
B1e8_1_N,1756771808,timings/if_else/1.R,1.2.0
A1e8_Z_1,2177255438,timings/if_else/1.R,1.2.0
A1e8_Z_1,1469979310,timings/if_else/1.R,1.2.0
